ag_res_idx,resid,resname,ab_coul,ab_lj,ab_total,sol_coul,sol_lj,sol_total,n_frames
1,430,LYS,0.0037,-0.0,0.0037,-628.066,2.1086,-625.9574,201
2,431,VAL,0.0,0.0,0.0,-27.8294,-20.301,-48.1304,201
3,432,PHE,0.0229,-0.0002,0.0227,-25.8212,-13.3737,-39.1949,201
4,433,GLY,0.0,0.0,0.0,-36.9098,-10.8576,-47.7674,201
5,434,ARG,0.0,0.0,0.0,-241.6189,-19.7827,-261.4016,201
6,435,CYS,0.0,0.0,0.0,-42.9085,-11.2235,-54.132,201
7,436,GLU,-0.0286,-0.0001,-0.0288,-351.0007,8.4781,-342.5226,201
8,437,LEU,-0.2326,-0.0023,-0.2349,-3.3759,-3.2055,-6.5815,201
9,438,ALA,-0.9976,-0.022,-1.0196,-1.1326,-2.1211,-3.2538,201
10,439,ALA,-1.8632,-0.1229,-1.9861,2.484,-10.1907,-7.7067,201
11,440,ALA,-2.962,-0.3318,-3.2938,0.8646,-8.2296,-7.365,201
12,441,MET,-1.8757,-0.6699,-2.5455,-0.1626,-1.9549,-2.1175,201
13,442,LYS,-13.2964,-4.5468,-17.8431,-148.2409,-7.6153,-155.8562,201
14,443,ARG,-24.8872,-8.7508,-33.6381,-303.2792,-21.8082,-325.0874,201
15,444,HIS,7.672,-16.9775,-9.3056,-40.8881,-9.6761,-50.5642,201
16,445,GLY,-5.1962,-13.4789,-18.6751,-12.2358,-1.8235,-14.0593,201
17,446,LEU,1.6396,-3.375,-1.7353,0.183,-3.5849,-3.4019,201
18,447,ASP,-3.2102,-4.8207,-8.0309,-396.0164,22.3813,-373.6351,201
19,448,ASN,2.3679,-4.6171,-2.2492,-99.685,-12.5587,-112.2437,201
20,449,TYR,-11.4071,-26.6309,-38.0381,-38.6009,-9.0951,-47.696,201
21,450,ARG,-38.7351,-20.3403,-59.0754,-260.2691,-11.2153,-271.4844,201
22,451,GLY,-2.0721,-1.4503,-3.5224,-35.1842,-8.7009,-43.8852,201
23,452,TYR,0.3312,-0.5326,-0.2014,-68.4753,-15.9304,-84.4057,201
24,453,SER,0.4638,-0.0707,0.3932,-51.5011,-7.1941,-58.6951,201
25,454,LEU,0.0388,-0.1756,-0.1367,-14.3068,-6.3587,-20.6655,201
26,455,GLY,0.0038,-0.0001,0.0037,-20.2423,-0.4916,-20.7338,201
27,456,ASN,0.0108,-0.0004,0.0104,-56.4763,-0.3379,-56.8142,201
28,457,TRP,-0.8198,-0.2647,-1.0845,-1.7495,-1.3496,-3.099,201
29,458,VAL,0.0,-0.0,0.0,-1.0232,-1.0252,-2.0484,201
30,459,CYS,0.0,0.0,0.0,-3.1895,-1.3063,-4.4959,201
31,460,ALA,0.0,0.0,0.0,-31.6763,3.877,-27.7992,201
32,461,ALA,0.0,0.0,0.0,-7.4413,-2.5855,-10.0268,201
33,462,LYS,0.0,0.0,0.0,-364.1012,1.161,-362.9401,201
34,463,PHE,0.0,0.0,0.0,-59.1205,-19.8248,-78.9453,201
35,464,GLU,0.0,0.0,0.0,-562.9745,19.4907,-543.4838,201
36,465,SER,0.0,0.0,0.0,-36.9978,-1.446,-38.4438,201
37,466,ASN,0.0,0.0,0.0,-127.0769,-10.208,-137.2849,201
38,467,PHE,0.0,0.0,0.0,-2.21,-13.3075,-15.5175,201
39,468,ASN,0.0,0.0,0.0,-54.2226,-4.5182,-58.7409,201
40,469,THR,0.0,0.0,0.0,-23.7402,-4.8545,-28.5947,201
41,470,GLN,0.0,0.0,0.0,-132.6967,-15.6955,-148.3922,201
42,471,ALA,0.0,0.0,0.0,-9.6008,-10.2586,-19.8594,201
43,472,THR,0.0,0.0,0.0,-102.0831,-5.8232,-107.9063,201
44,473,ASN,0.0,0.0,0.0,-59.4817,-16.1607,-75.6425,201
45,474,ARG,0.0,0.0,0.0,-387.2066,-19.0351,-406.2418,201
46,475,ASN,-0.0045,-0.0007,-0.0053,-84.537,-11.7504,-96.2874,201
47,476,THR,0.0,0.0,0.0,-94.1432,-20.0643,-114.2075,201
48,477,ASP,-0.2048,-0.0067,-0.2115,-246.3937,-6.0331,-252.4268,201
49,478,GLY,0.0,0.0,0.0,-24.6904,-6.9885,-31.6789,201
50,479,SER,0.0098,-0.0051,0.0047,-7.1304,-7.8435,-14.9739,201
51,480,THR,0.0011,-0.0002,0.0009,-7.2992,-0.387,-7.6862,201
52,481,ASP,-0.0139,-0.0017,-0.0156,-366.3633,10.2678,-356.0955,201
53,482,TYR,0.0002,-0.0,0.0002,-13.8915,-6.6867,-20.5782,201
54,483,GLY,0.0,-0.0,0.0,-31.3808,-1.1724,-32.5532,201
55,484,ILE,-0.0004,-0.0,-0.0004,-32.2671,-2.456,-34.7231,201
56,485,LEU,0.0001,-0.0051,-0.005,-36.4493,-1.4212,-37.8706,201
57,486,GLN,-0.0061,-0.0011,-0.0072,-121.9827,-0.8704,-122.8531,201
58,487,ILE,0.0476,-0.0389,0.0086,-19.1346,-7.3226,-26.4572,201
59,488,ASN,-0.1159,-0.1227,-0.2386,12.8674,-8.8069,4.0604,201
60,489,SER,0.0173,-0.0242,-0.0069,-21.7026,-1.9237,-23.6263,201
61,490,ARG,1.1107,-0.4601,0.6506,-162.4678,-14.585,-177.0528,201
62,491,TRP,5.2994,-11.0066,-5.7072,-45.1598,-26.8029,-71.9627,201
63,492,TRP,-0.8987,-10.5906,-11.4893,-22.7693,-7.9848,-30.7542,201
64,493,CYS,0.365,-0.0377,0.3273,-32.7317,-1.0535,-33.7852,201
65,494,ASN,-0.0373,-0.0018,-0.0391,-109.0478,-10.344,-119.3918,201
66,495,ASP,0.0,0.0,0.0,-196.0466,4.7948,-191.2518,201
67,496,GLY,0.0,0.0,0.0,-53.2449,-13.3967,-66.6416,201
68,497,ARG,0.0,0.0,0.0,-296.2471,-24.6343,-320.8814,201
69,498,THR,0.0006,-0.0012,-0.0005,-29.5407,-11.0455,-40.5862,201
70,499,PRO,-0.0469,-0.0021,-0.049,-50.0157,-27.5352,-77.5508,201
71,500,GLY,0.3164,-0.0798,0.2366,-47.8488,-10.9247,-58.7735,201
72,501,SER,2.351,-0.2353,2.1157,-72.0447,-6.8877,-78.9325,201
73,502,ARG,-173.5101,-12.0634,-185.5734,-205.8668,-17.2036,-223.0704,201
74,503,ASN,10.0988,-1.288,8.8108,-103.5576,-8.613,-112.1705,201
75,504,LEU,33.5263,-24.3954,9.1309,-10.5468,-12.5974,-23.1442,201
76,505,CYS,-6.8973,-2.4341,-9.3314,-31.1414,-5.8316,-36.973,201
77,506,ASN,-21.6736,-5.1986,-26.8722,-145.7436,-11.5998,-157.3434,201
78,507,ILE,1.1061,-0.512,0.5941,-8.709,-19.6024,-28.3114,201
79,508,PRO,-0.2781,-0.0274,-0.3055,-8.1338,-22.8733,-31.0071,201
80,509,CYS,-0.0077,-0.0001,-0.0078,-14.131,-6.5026,-20.6335,201
81,510,SER,0.018,-0.0002,0.0178,-91.667,-7.1178,-98.7848,201
82,511,ALA,0.0709,-0.0336,0.0373,-29.6001,-11.5973,-41.1974,201
83,512,LEU,0.0483,-0.0287,0.0196,-28.8354,-2.2665,-31.102,201
84,513,LEU,0.0027,-0.0001,0.0025,-18.3704,-14.3803,-32.7507,201
85,514,SER,0.1157,-0.0069,0.1089,-85.6837,-8.6935,-94.3772,201
86,515,SER,0.0104,-0.0004,0.01,-77.953,-6.0559,-84.0089,201
87,516,ASP,-3.9464,-0.2674,-4.2138,-354.6138,9.9572,-344.6566,201
88,517,ILE,0.7136,-0.2436,0.4701,-8.4156,-11.3405,-19.756,201
89,518,THR,0.9428,-5.2623,-4.3195,-3.9035,-16.0965,-20.0,201
90,519,ALA,-0.1116,-1.232,-1.3436,-27.9404,-7.0602,-35.0006,201
91,520,SER,-1.0699,-0.2298,-1.2998,-63.3165,4.4919,-58.8246,201
92,521,VAL,0.2077,-2.3325,-2.1248,-0.8141,-3.5049,-4.319,201
93,522,ASN,11.0339,-20.1406,-9.1068,-100.1311,-1.7348,-101.8659,201
94,523,CYS,1.213,-1.6568,-0.4439,-2.4085,-5.7561,-8.1645,201
95,524,ALA,-2.6103,-0.6842,-3.2945,-5.6562,-1.0617,-6.7179,201
96,525,LYS,-108.0814,-18.3104,-126.3918,-118.5973,0.0385,-118.5588,201
97,526,LYS,-439.0193,-27.7758,-466.7951,97.5868,-8.0186,89.5682,201
98,527,ILE,-3.0484,-4.7996,-7.848,-39.5379,-5.2481,-44.786,201
99,528,VAL,0.257,-2.4529,-2.1959,-17.1811,2.2125,-14.9685,201
100,529,SER,-20.2395,-18.1996,-38.4391,1.6954,-3.8379,-2.1425,201
101,530,ASP,-26.5183,-25.8167,-52.335,-349.5339,19.9872,-329.5468,201
102,531,GLY,-0.7467,-8.7738,-9.5205,-63.7026,-5.4054,-69.1081,201
103,532,ASN,2.8536,-3.051,-0.1974,-61.1144,-20.2179,-81.3323,201
104,533,GLY,-0.138,-0.4432,-0.5812,-57.0542,-1.9183,-58.9724,201
105,534,MET,-0.1273,-0.0425,-0.1698,-14.6993,-4.6451,-19.3444,201
106,535,ASN,0.6276,-0.0746,0.553,9.3849,-17.2002,-7.8153,201
107,536,ALA,0.2683,-0.3124,-0.0441,-38.079,-6.8435,-44.9225,201
108,537,TRP,0.2886,-0.088,0.2006,-16.7883,-15.0321,-31.8204,201
109,538,VAL,0.004,-0.001,0.003,-9.5904,-19.9462,-29.5367,201
110,539,ALA,0.0,0.0,0.0,-13.6377,-4.5857,-18.2234,201
111,540,TRP,0.0039,-0.0001,0.0039,-7.3479,-12.7786,-20.1264,201
112,541,ARG,0.4618,-0.0113,0.4505,-271.7334,-10.9722,-282.7056,201
113,542,ASN,0.0,0.0,0.0,-105.8435,-13.5941,-119.4376,201
114,543,ARG,0.0,0.0,0.0,-255.5395,-14.7461,-270.2856,201
115,544,CYS,0.0,0.0,0.0,-15.2823,-6.4455,-21.7278,201
116,545,LYS,0.0019,-0.0,0.0019,-363.721,-11.1687,-374.8898,201
117,546,GLY,0.0,0.0,0.0,-62.2701,-10.5611,-72.8312,201
118,547,THR,0.0,0.0,0.0,-63.6393,-19.2193,-82.8586,201
119,548,ASP,0.0,0.0,0.0,-281.7008,0.5571,-281.1437,201
120,549,VAL,0.0,0.0,0.0,-4.7591,-15.0281,-19.7873,201
121,550,GLN,0.0055,-0.0,0.0055,-69.237,-16.7958,-86.0328,201
122,551,ALA,0.0,0.0,0.0,-9.9066,-9.4418,-19.3484,201
123,552,TRP,0.0,0.0,0.0,-21.1211,-22.6757,-43.7969,201
124,553,ILE,0.0012,-0.0003,0.0009,-26.0456,-8.7359,-34.7815,201
125,554,ARG,0.0,0.0,0.0,-140.2999,-32.9601,-173.26,201
126,555,GLY,0.0,0.0,0.0,-52.1528,-9.8091,-61.9619,201
127,556,CYS,0.0,0.0,0.0,-57.2802,-12.082,-69.3622,201
128,557,ARG,-0.0168,-0.0014,-0.0181,-331.7583,-32.2057,-363.964,201
129,558,LEU,2.6676,-0.0964,2.5712,-377.3618,5.7231,-371.6386,201
