ag_res_idx,resname,d_int,d_vdw,d_eel,d_polar,d_nonpolar,mmgbsa_dg
13,LYS,0.0,-0.606,-11.648,12.773,-0.076,0.443
14,ARG,0.0,-1.176,-16.712,17.347,-0.279,-0.821
15,HIS,0.0,-2.162,1.311,-0.415,-0.158,-1.424
16,GLY,0.0,-1.525,-0.439,0.3,-0.263,-1.927
17,LEU,0.0,-0.521,0.024,0.091,0.0,-0.405
18,ASP,0.0,-0.716,9.075,-7.834,-0.164,0.36
19,ASN,0.0,-0.637,-0.051,0.897,-0.106,0.103
20,TYR,0.0,-3.438,-1.502,2.844,-0.465,-2.562
21,ARG,0.0,-2.647,-22.51,26.093,-0.708,0.228
22,GLY,0.0,-0.235,-0.335,0.47,-0.027,-0.126
62,TRP,0.0,-1.611,2.403,-1.85,-0.264,-1.322
63,TRP,0.0,-1.345,2.18,-1.571,-0.172,-0.908
73,ARG,0.0,-1.599,-58.735,57.234,-0.548,-3.648
75,LEU,0.0,-2.985,4.786,-4.357,-0.425,-2.982
77,ASN,0.0,-0.697,-2.742,4.119,-0.143,0.538
89,THR,0.0,-0.628,0.502,-0.043,-0.093,-0.262
92,VAL,0.0,-0.352,0.742,-0.542,-0.0,-0.152
93,ASN,0.0,-2.425,0.614,1.632,-0.499,-0.678
96,LYS,0.0,-2.446,-33.951,38.924,-0.397,2.13
97,LYS,0.0,-3.599,-96.828,89.764,-0.773,-11.436
98,ILE,0.0,-0.675,-0.386,0.518,-0.001,-0.544
99,VAL,0.0,-0.398,-0.731,0.818,-0.0,-0.311
100,SER,0.0,-2.502,-3.163,3.953,-0.313,-2.025
101,ASP,0.0,-3.296,17.21,-15.741,-0.472,-2.299
102,GLY,0.0,-1.229,-0.647,1.377,-0.235,-0.734
103,ASN,0.0,-0.473,-0.911,1.459,-0.068,0.007
