contig_id,target,chain,islands,fixed_resids,scaffold_segs,contig_string,total_len,input_pdb
0,epitope20,C,651-670,"651,652,653,654,655,656,657,658,659,660,661,662,663,664,665,666,667,668,669,670","24,59","24-24,C651-670,59-59",103,data/8VDL.pdb
1,epitope20,C,651-670,"651,652,653,654,655,656,657,658,659,660,661,662,663,664,665,666,667,668,669,670","13,70","13-13,C651-670,70-70",103,data/8VDL.pdb
2,epitope20,C,651-670,"651,652,653,654,655,656,657,658,659,660,661,662,663,664,665,666,667,668,669,670","45,38","45-45,C651-670,38-38",103,data/8VDL.pdb
3,epitope20,C,651-670,"651,652,653,654,655,656,657,658,659,660,661,662,663,664,665,666,667,668,669,670","41,42","41-41,C651-670,42-42",103,data/8VDL.pdb
4,epitope20,C,651-670,"651,652,653,654,655,656,657,658,659,660,661,662,663,664,665,666,667,668,669,670","38,45","38-38,C651-670,45-45",103,data/8VDL.pdb
5,epitope20,C,651-670,"651,652,653,654,655,656,657,658,659,660,661,662,663,664,665,666,667,668,669,670","27,56","27-27,C651-670,56-56",103,data/8VDL.pdb
6,epitope20,C,651-670,"651,652,653,654,655,656,657,658,659,660,661,662,663,664,665,666,667,668,669,670","23,60","23-23,C651-670,60-60",103,data/8VDL.pdb
7,epitope20,C,651-670,"651,652,653,654,655,656,657,658,659,660,661,662,663,664,665,666,667,668,669,670","21,62","21-21,C651-670,62-62",103,data/8VDL.pdb
8,epitope20,C,651-670,"651,652,653,654,655,656,657,658,659,660,661,662,663,664,665,666,667,668,669,670","64,19","64-64,C651-670,19-19",103,data/8VDL.pdb
9,epitope20,C,651-670,"651,652,653,654,655,656,657,658,659,660,661,662,663,664,665,666,667,668,669,670","14,69","14-14,C651-670,69-69",103,data/8VDL.pdb
