id,contig_string,island,island_index,island_size,partner_size,scaffold
2xqb_0P,15-15/A19-23/19-19/A35-85/14-14,A35-85,2,51,5,True
3ma9_0P,7-7/A19-64/36-36/A186-193/7-7,A19-64,1,46,8,True
5eu7_1P,19-19/A12-13/28-28/A91-126/19-19,A91-126,2,36,2,True
8t58_0P,11-11/A31-60/27-27/A95-120/10-10,A31-60,1,30,26,True
8oxv_0P,13-13/A242-270/42-42/A627-633/13-13,A242-270,1,29,7,True
4u6v_0P,14-14/A152-179/45-45/A242-245/13-13,A152-179,1,28,4,True
7tzh_0P,9-9/A109-134/60-60/A148-148/8-8,A109-134,1,26,1,True
8t58_0P,11-11/A31-60/27-27/A95-120/10-10,A95-120,2,26,30,True
6ye3_2P,14-14/A56-66/41-41/A79-103/13-13,A79-103,2,25,11,True
7uxl_1P,24-24/A56-80/27-27/A122-125/24-24,A56-80,1,25,4,True
7zxk_1P,26-26/A3-19/13-13/A108-130/25-25,A108-130,2,23,17,True
4xwo_5P,23-23/A197-218/27-27/A249-257/23-23,A197-218,1,22,9,True
6wmw_1P,13-13/A4-25/48-48/A69-77/12-12,A4-25,1,22,9,True
7kql_0P,11-11/A28-49/51-51/A89-98/10-10,A28-49,1,22,10,True
8trt_1P,30-30/A73-94/10-10/A105-117/29-29,A73-94,1,22,13,True
8wsq_0P,23-23/A350-371/28-28/A387-394/23-23,A350-371,1,22,8,True
4zfg_0P,20-20/A155-175/31-31/A192-203/20-20,A155-175,1,21,12,True
6ztr_0P,23-23/A16-17/35-35/A43-63/23-23,A43-63,2,21,2,True
5o4g_0P,30-30/A129-134/19-19/A150-169/29-29,A150-169,2,20,6,True
5kw9_0P,9-9/A118-134/50-50/A152-170/9-9,A152-170,2,19,17,True
6o39_0P,13-13/A27-45/49-49/A90-100/12-12,A27-45,1,19,11,True
8uky_1P,22-22/A16-34/29-29/A113-125/21-21,A16-34,1,19,13,True
6o9i_0P,36-36/A6-23/14-14/A54-54/35-35,A6-23,1,18,1,True
6oan_0P,19-19/A40-57/34-34/A132-146/18-18,A40-57,1,18,15,True
3q1s_0P,31-31/A14-30/25-25/A107-107/30-30,A14-30,1,17,1,True
5gjs_0P,14-14/A12-17/54-54/A29-45/13-13,A29-45,2,17,6,True
5kw9_0P,9-9/A118-134/50-50/A152-170/9-9,A118-134,1,17,19,True
7zxk_1P,26-26/A3-19/13-13/A108-130/25-25,A3-19,1,17,23,True
2h32_0P,15-15/A1-16/57-57/A81-81/15-15,A1-16,1,16,1,True
6okm_0P,40-40/A39-42/5-5/A54-69/39-39,A54-69,2,16,4,True
8jnk_3P,23-23/A28-43/33-33/A80-89/22-22,A28-43,1,16,10,True
3ux9_1P,9-9/A18-32/63-63/A115-123/8-8,A18-32,1,15,9,True
6oan_0P,19-19/A40-57/34-34/A132-146/18-18,A132-146,2,15,18,True
6ppg_1P,31-31/A55-69/23-23/A105-109/30-30,A55-69,1,15,5,True
6qb6_0P,7-7/A40-43/71-71/A143-157/7-7,A143-157,2,15,4,True
8pww_0P,26-26/A50-61/25-25/A123-137/26-26,A123-137,2,15,12,True
5j13_0P,18-18/A36-49/50-50/A103-106/18-18,A36-49,1,14,4,True
4nnp_0P,35-35/A198-210/16-16/A230-234/35-35,A198-210,1,13,5,True
5fhx_1P,16-16/A14-15/58-58/A62-74/15-15,A62-74,2,13,2,True
7ox3_0P,32-32/A6-13/19-19/A63-75/32-32,A63-75,2,13,8,True
7so5_0P,14-14/A15-27/57-57/A56-61/14-14,A15-27,1,13,6,True
8db4_0P,29-29/A6-18/25-25/A54-62/28-28,A6-18,1,13,9,True
8trt_1P,30-30/A73-94/10-10/A105-117/29-29,A105-117,2,13,22,True
8uky_1P,22-22/A16-34/29-29/A113-125/21-21,A113-125,2,13,19,True
4kv5_3P,29-29/A28-32/29-29/A90-101/29-29,A90-101,2,12,5,True
4zfg_0P,20-20/A155-175/31-31/A192-203/20-20,A192-203,2,12,21,True
5l6y_0P,38-38/A10-17/9-9/A82-93/37-37,A82-93,2,12,8,True
8pww_0P,26-26/A50-61/25-25/A123-137/26-26,A50-61,1,12,15,True
6o39_0P,13-13/A27-45/49-49/A90-100/12-12,A90-100,2,11,19,True
6ye3_2P,14-14/A56-66/41-41/A79-103/13-13,A56-66,1,11,25,True
6wgl_0P,18-18/A38-47/51-51/A66-72/18-18,A38-47,1,10,7,True
7kql_0P,11-11/A28-49/51-51/A89-98/10-10,A89-98,2,10,22,True
8cz8_1P,18-18/A107-116/52-52/A139-144/18-18,A107-116,1,10,6,True
8jnk_3P,23-23/A28-43/33-33/A80-89/22-22,A80-89,2,10,16,True
2qqn_0P,31-31/A21-29/26-26/A45-51/31-31,A21-29,1,9,7,True
3ux9_1P,9-9/A18-32/63-63/A115-123/8-8,A115-123,2,9,15,True
4xwo_5P,23-23/A197-218/27-27/A249-257/23-23,A249-257,2,9,22,True
6wmw_1P,13-13/A4-25/48-48/A69-77/12-12,A69-77,2,9,22,True
8db4_0P,29-29/A6-18/25-25/A54-62/28-28,A54-62,2,9,13,True
3ma9_0P,7-7/A19-64/36-36/A186-193/7-7,A186-193,2,8,46,True
5l6y_0P,38-38/A10-17/9-9/A82-93/37-37,A10-17,1,8,12,True
6cyf_0P,33-33/A36-43/23-23/A104-111/32-32,A36-43,1,8,8,True
6cyf_0P,33-33/A36-43/23-23/A104-111/32-32,A104-111,2,8,8,True
6ol6_1P,26-26/A52-59/37-37/A100-106/26-26,A52-59,1,8,7,True
7ox3_0P,32-32/A6-13/19-19/A63-75/32-32,A6-13,1,8,13,True
8wsq_0P,23-23/A350-371/28-28/A387-394/23-23,A387-394,2,8,22,True
2qqn_0P,31-31/A21-29/26-26/A45-51/31-31,A45-51,2,7,9,True
6ol6_1P,26-26/A52-59/37-37/A100-106/26-26,A100-106,2,7,8,True
6wgl_0P,18-18/A38-47/51-51/A66-72/18-18,A66-72,2,7,10,True
8oxv_0P,13-13/A242-270/42-42/A627-633/13-13,A627-633,2,7,29,True
5gjs_0P,14-14/A12-17/54-54/A29-45/13-13,A12-17,1,6,17,True
5o4g_0P,30-30/A129-134/19-19/A150-169/29-29,A129-134,1,6,20,True
7so5_0P,14-14/A15-27/57-57/A56-61/14-14,A56-61,2,6,13,True
8cz8_1P,18-18/A107-116/52-52/A139-144/18-18,A139-144,2,6,10,True
2xqb_0P,15-15/A19-23/19-19/A35-85/14-14,A19-23,1,5,51,True
4kv5_3P,29-29/A28-32/29-29/A90-101/29-29,A28-32,1,5,12,True
4nnp_0P,35-35/A198-210/16-16/A230-234/35-35,A230-234,2,5,13,True
6ppg_1P,31-31/A55-69/23-23/A105-109/30-30,A105-109,2,5,15,True
4u6v_0P,14-14/A152-179/45-45/A242-245/13-13,A242-245,2,4,28,True
5j13_0P,18-18/A36-49/50-50/A103-106/18-18,A103-106,2,4,14,True
6okm_0P,40-40/A39-42/5-5/A54-69/39-39,A39-42,1,4,16,True
6qb6_0P,7-7/A40-43/71-71/A143-157/7-7,A40-43,1,4,15,True
7uxl_1P,24-24/A56-80/27-27/A122-125/24-24,A122-125,2,4,25,True
7a3t_0P,32-32/A150-150/36-36/A298-300/32-32,A298-300,2,3,1,True
5eu7_1P,19-19/A12-13/28-28/A91-126/19-19,A12-13,1,2,36,True
5fhx_1P,16-16/A14-15/58-58/A62-74/15-15,A14-15,1,2,13,True
6ztr_0P,23-23/A16-17/35-35/A43-63/23-23,A16-17,1,2,21,True
2h32_0P,15-15/A1-16/57-57/A81-81/15-15,A81-81,2,1,16,False
3q1s_0P,31-31/A14-30/25-25/A107-107/30-30,A107-107,2,1,17,False
6o9i_0P,36-36/A6-23/14-14/A54-54/35-35,A54-54,2,1,18,False
7a3t_0P,32-32/A150-150/36-36/A298-300/32-32,A150-150,1,1,3,False
7tzh_0P,9-9/A109-134/60-60/A148-148/8-8,A148-148,2,1,26,False
