mutation,predicted_kcal_mol,experimental_kcal_mol,signed_error_kcal_mol
HY15A,-0.035427857,-0.45,0.414572143
YY20A,1.7128372,4.27,-2.5571627999999995
RY21A,1.4135239,0.84,0.5735239
WY63A,-0.017976379,0.32,-0.337976379
RY73A,0.48058015,-0.33,0.81058015
LY75A,0.7294998,0.7,0.029499800000000076
TY89A,0.2608841,0.0,0.2608841
NY93A,0.3211136,0.21,0.1111136
KY96A,1.7630295,6.49,-4.7269705
KY97A,1.7676529,5.56,-3.7923470999999997
IY98A,-0.2680542,0.0,-0.2680542
SY100A,-0.3184433,0.27,-0.5884433
DY101A,0.43754426,1.23,-0.79245574
